caso;tipo;descripcion;id_correcto;posicion;id_resultado;nombre;score;juicio
C_01_Barcelona;camiseta;Camiseta - caso C_01_Barcelona;AIM-P012-025;1;AIM-P051-041;Barcelona Fc & Real Madrid Design;0.7031;Acierto
C_01_Barcelona;camiseta;Camiseta - caso C_01_Barcelona;AIM-P012-025;2;AIM-P235-058;Barcelona FC Home Kit 24-25;0.6899;Acierto
C_01_Barcelona;camiseta;Camiseta - caso C_01_Barcelona;AIM-P012-025;3;AIM-P235-052;Barcelona FC Home Kit 24-25;0.6899;Acierto
C_01_Barcelona;camiseta;Camiseta - caso C_01_Barcelona;AIM-P012-025;4;AIM-P001-034;Jersey Argentina - España;0.6709;Acierto
C_01_Barcelona;camiseta;Camiseta - caso C_01_Barcelona;AIM-P012-025;5;AIM-P181-006;Barcelona Visitante Retro 1991-92;0.6649;No sirve
C_02_Real-Madrid;camiseta;Camiseta - caso C_02_Real-Madrid;AIM-P046-001;1;AIM-P201-021;REAL MADRID ENTRENAMIENTO 22-23;0.7641;Acierto
C_02_Real-Madrid;camiseta;Camiseta - caso C_02_Real-Madrid;AIM-P046-001;2;AIM-P010-003;Jersey  Juvenil Adidas del Real Madrid 26-27;0.6459;Acierto
C_02_Real-Madrid;camiseta;Camiseta - caso C_02_Real-Madrid;AIM-P046-001;3;AIM-P163-031;Real Madrid Home Jersey 2022-23;0.5911;Acierto
C_02_Real-Madrid;camiseta;Camiseta - caso C_02_Real-Madrid;AIM-P046-001;4;AIM-P162-024;Real Madrid Home Jersey 2022-23;0.5911;Acierto
C_03_Universitario;camiseta;Camiseta - caso C_03_Universitario;AIM-P061-038;1;AIM-P170-013;CLUB INDEPENDIENTE CONCEPT;0.7552;No sirve
C_03_Universitario;camiseta;Camiseta - caso C_03_Universitario;AIM-P061-038;2;AIM-P067-001;Antalyaspor 2024-2025 Local;0.7407;No sirve
C_03_Universitario;camiseta;Camiseta - caso C_03_Universitario;AIM-P061-038;3;AIM-P184-022;ESCOCIA 22-23 ADIDAS;0.5195;No sirve
C_03_Universitario;camiseta;Camiseta - caso C_03_Universitario;AIM-P061-038;4;AIM-P006-051;Pattern Sports Line Blue;0.5094;No sirve
C_04_Alianza-Lima;camiseta;Camiseta - caso C_04_Alianza-Lima;AIM-P061-012;1;AIM-P081-055;Sao Paulo Homenaje Jersey;0.7721;Sirve
C_04_Alianza-Lima;camiseta;Camiseta - caso C_04_Alianza-Lima;AIM-P061-012;2;AIM-P135-041;Guatemala 2021-22 vector Camiseta de Fútbol;0.6758;Sirve
C_04_Alianza-Lima;camiseta;Camiseta - caso C_04_Alianza-Lima;AIM-P061-012;3;AIM-P006-022;Jersey Sport Blue & Red;0.6592;No sirve
C_05_Sporting-Cristal;camiseta;Camiseta - caso C_05_Sporting-Cristal;AIM-P069-025;1;AIM-P067-001;Antalyaspor 2024-2025 Local;0.7786;Sirve
C_05_Sporting-Cristal;camiseta;Camiseta - caso C_05_Sporting-Cristal;AIM-P069-025;2;AIM-P052-031;Colo Colo Entrenamiento;0.699;No sirve
C_05_Sporting-Cristal;camiseta;Camiseta - caso C_05_Sporting-Cristal;AIM-P069-025;3;AIM-P197-020;HOLANDA GEOMETRIC NIKE;0.6521;No sirve
C_05_Sporting-Cristal;camiseta;Camiseta - caso C_05_Sporting-Cristal;AIM-P069-025;4;AIM-P179-027;CHILE DESIGN VISITA 22-23;0.5926;No sirve
C_05_Sporting-Cristal;camiseta;Camiseta - caso C_05_Sporting-Cristal;AIM-P069-025;5;AIM-P174-042;COLOMBIA VISITANTE 2022;0.5609;No sirve
C_06_Peru;camiseta;Camiseta - caso C_06_Peru;AIM-P067-001;1;AIM-P048-037;Brasil Fantasy 2026 World Cup Concept;0.7902;Acierto
C_06_Peru;camiseta;Camiseta - caso C_06_Peru;AIM-P067-001;2;AIM-P103-021;Brasil Concepto Geométrico;0.7316;No sirve
C_06_Peru;camiseta;Camiseta - caso C_06_Peru;AIM-P067-001;3;AIM-P064-013;Brasil Copa 2026;0.6893;Acierto
C_06_Peru;camiseta;Camiseta - caso C_06_Peru;AIM-P067-001;4;AIM-P098-008;Brasil Design Concept Plants;0.6648;Acierto
C_07_Brazil;camiseta;Camiseta - caso C_07_Brazil;AIM-P077-054;1;AIM-P086-053;Jersey Argentina Concept;0.8154;Acierto
C_07_Brazil;camiseta;Camiseta - caso C_07_Brazil;AIM-P077-054;2;AIM-P121-019;Argentina Campeones Concept;0.8098;Acierto
C_07_Brazil;camiseta;Camiseta - caso C_07_Brazil;AIM-P077-054;3;AIM-P042-050;Argentina Concept;0.7108;Acierto
C_07_Brazil;camiseta;Camiseta - caso C_07_Brazil;AIM-P077-054;4;AIM-P224-031;Argentina 2024-25 Campeones;0.6455;Acierto
C_07_Brazil;camiseta;Camiseta - caso C_07_Brazil;AIM-P077-054;5;AIM-P092-016;Argentina Concept Design;0.6217;Acierto
C_08_Argentina;camiseta;Camiseta - caso C_08_Argentina;AIM-P001-021;1;AIM-P135-021;Manchester City 2021-22 Home Vector;0.7776;Sirve
C_08_Argentina;camiseta;Camiseta - caso C_08_Argentina;AIM-P001-021;2;AIM-P161-045;MANCHESTER CITY CONCEPT PUMA;0.6201;Sirve
C_08_Argentina;camiseta;Camiseta - caso C_08_Argentina;AIM-P001-021;3;AIM-P140-044;Manchester City Puma 2020-21 FREE DOWNLOAD;0.5689;Sirve
C_08_Argentina;camiseta;Camiseta - caso C_08_Argentina;AIM-P001-021;4;AIM-P070-031;New York City Wave Blue;0.5298;Sirve
C_09_Manchester-City;camiseta;Camiseta - caso C_09_Manchester-City;AIM-P069-025;1;AIM-P247-012;ACMILAN ADIDAS CONCEPT;0.7215;Acierto
C_09_Manchester-City;camiseta;Camiseta - caso C_09_Manchester-City;AIM-P069-025;2;AIM-P208-035;Juventus FC 2024-25 Home;0.6924;No sirve
C_09_Manchester-City;camiseta;Camiseta - caso C_09_Manchester-City;AIM-P069-025;3;AIM-P247-034;AC MILAN PUMA LEON;0.6242;Acierto
C_09_Manchester-City;camiseta;Camiseta - caso C_09_Manchester-City;AIM-P069-025;4;AIM-P182-053;AC MILAN ADIDAS 2006 -07;0.6162;Sirve
C_09_Manchester-City;camiseta;Camiseta - caso C_09_Manchester-City;AIM-P069-025;5;AIM-P130-017;AC Milan Versace Concept;0.478;Acierto
C_10_AC-Milan;camiseta;Camiseta - caso C_01_Barcelona;AIM-P255-024;1;AIM-P247-012;ACMILAN ADIDAS CONCEPT;0.7215;Acierto
C_10_AC-Milan;camiseta;Camiseta - caso C_01_Barcelona;AIM-P255-024;2;AIM-P208-035;Juventus FC 2024-25 Home;0.6924;No sirve
C_10_AC-Milan;camiseta;Camiseta - caso C_01_Barcelona;AIM-P255-024;3;AIM-P247-034;AC MILAN PUMA LEON;0.6242;Acierto
C_10_AC-Milan;camiseta;Camiseta - caso C_01_Barcelona;AIM-P255-024;4;AIM-P182-053;AC MILAN ADIDAS 2006 -07;0.6162;Acierto
C_10_AC-Milan;camiseta;Camiseta - caso C_01_Barcelona;AIM-P255-024;5;AIM-P130-017;AC Milan Versace Concept;0.478;Acierto
